{
    "GMM": {
        "0": [
            0.9213759213759214,
            0.9213759213759214,
            0.9213759213759214,
            0.9213759213759214,
            0.9213759213759214
        ],
        "5": [
            0.9201474201474201,
            0.9275184275184275,
            0.9041769041769042,
            0.9324324324324325,
            0.9152334152334153
        ],
        "10": [
            0.9226044226044227,
            0.9213759213759214,
            0.9176904176904177,
            0.9090909090909091,
            0.9164619164619164
        ],
        "15": [
            0.8955773955773956,
            0.9066339066339066,
            0.9385749385749386,
            0.9324324324324325,
            0.9078624078624079
        ],
        "20": [
            0.9127764127764127,
            0.914004914004914,
            0.9250614250614251,
            0.9164619164619164,
            0.898034398034398
        ],
        "25": [
            0.9041769041769042,
            0.902948402948403,
            0.9238329238329238,
            0.9238329238329238,
            0.9213759213759214
        ],
        "30": [
            0.9090909090909091,
            0.8906633906633906,
            0.9312039312039312,
            0.8906633906633906,
            0.9127764127764127
        ],
        "35": [
            0.9066339066339066,
            0.9226044226044227,
            0.8525798525798526,
            0.8722358722358723,
            0.8722358722358723
        ],
        "40": [
            0.85995085995086,
            0.8906633906633906,
            0.7948402948402948,
            0.8660933660933661,
            0.9066339066339066
        ],
        "45": [
            0.8857493857493858,
            0.7186732186732187,
            0.8243243243243243,
            0.85995085995086,
            0.7948402948402948
        ],
        "50": [
            0.6842751842751843,
            0.828009828009828,
            0.7923832923832924,
            0.8697788697788698,
            0.8402948402948403
        ]
    },
    "GWL": {
        "0": [
            0.9250614250614251,
            0.9250614250614251,
            0.9250614250614251,
            0.9250614250614251,
            0.9250614250614251
        ],
        "5": [
            0.9238329238329238,
            0.9152334152334153,
            0.9115479115479116,
            0.9176904176904177,
            0.9152334152334153
        ],
        "10": [
            0.9213759213759214,
            0.9213759213759214,
            0.9226044226044227,
            0.9004914004914005,
            0.9164619164619164
        ],
        "15": [
            0.902948402948403,
            0.9164619164619164,
            0.9312039312039312,
            0.9115479115479116,
            0.9103194103194103
        ],
        "20": [
            0.9275184275184275,
            0.914004914004914,
            0.9348894348894349,
            0.9299754299754299,
            0.9164619164619164
        ],
        "25": [
            0.914004914004914,
            0.9250614250614251,
            0.914004914004914,
            0.9152334152334153,
            0.9201474201474201
        ],
        "30": [
            0.8943488943488943,
            0.9066339066339066,
            0.9201474201474201,
            0.8918918918918919,
            0.9361179361179361
        ],
        "35": [
            0.9176904176904177,
            0.9287469287469288,
            0.8513513513513513,
            0.9066339066339066,
            0.914004914004914
        ],
        "40": [
            0.9078624078624079,
            0.9299754299754299,
            0.8697788697788698,
            0.8943488943488943,
            0.9361179361179361
        ],
        "45": [
            0.871007371007371,
            0.8464373464373465,
            0.8943488943488943,
            0.9004914004914005,
            0.7162162162162162
        ],
        "50": [
            0.8243243243243243,
            0.7936117936117936,
            0.8390663390663391,
            0.9004914004914005,
            0.8636363636363636
        ]
    },
    "RFP": {
        "0": [
            0.9262899262899262,
            0.9262899262899262,
            0.9262899262899262,
            0.9262899262899262,
            0.9262899262899262
        ],
        "5": [
            0.9250614250614251,
            0.9226044226044227,
            0.9250614250614251,
            0.9299754299754299,
            0.9262899262899262
        ],
        "10": [
            0.9213759213759214,
            0.9262899262899262,
            0.9262899262899262,
            0.9090909090909091,
            0.9312039312039312
        ],
        "15": [
            0.9054054054054054,
            0.914004914004914,
            0.9422604422604423,
            0.9287469287469288,
            0.9066339066339066
        ],
        "20": [
            0.9312039312039312,
            0.8943488943488943,
            0.9287469287469288,
            0.9287469287469288,
            0.9348894348894349
        ],
        "25": [
            0.9262899262899262,
            0.9017199017199017,
            0.9213759213759214,
            0.9287469287469288,
            0.9041769041769042
        ],
        "30": [
            0.8931203931203932,
            0.8673218673218673,
            0.8943488943488943,
            0.8796068796068796,
            0.9336609336609336
        ],
        "35": [
            0.8869778869778869,
            0.8918918918918919,
            0.8501228501228502,
            0.8746928746928747,
            0.902948402948403
        ],
        "40": [
            0.8943488943488943,
            0.902948402948403,
            0.7936117936117936,
            0.8636363636363636,
            0.9275184275184275
        ],
        "45": [
            0.8525798525798526,
            0.7186732186732187,
            0.8673218673218673,
            0.8636363636363636,
            0.7923832923832924
        ],
        "50": [
            0.6744471744471745,
            0.8366093366093366,
            0.730958230958231,
            0.8476658476658476,
            0.8525798525798526
        ]
    },
    "RFI": {
        "0": [
            0.9127764127764127,
            0.914004914004914,
            0.914004914004914,
            0.9054054054054054,
            0.914004914004914
        ],
        "5": [
            0.914004914004914,
            0.9004914004914005,
            0.898034398034398,
            0.9004914004914005,
            0.9115479115479116
        ],
        "10": [
            0.8943488943488943,
            0.9041769041769042,
            0.9152334152334153,
            0.8783783783783784,
            0.8759213759213759
        ],
        "15": [
            0.8525798525798526,
            0.8906633906633906,
            0.8759213759213759,
            0.8882063882063882,
            0.8660933660933661
        ],
        "20": [
            0.898034398034398,
            0.7862407862407862,
            0.8771498771498771,
            0.8771498771498771,
            0.8587223587223587
        ],
        "25": [
            0.8378378378378378,
            0.7457002457002457,
            0.8366093366093366,
            0.8869778869778869,
            0.7751842751842751
        ],
        "30": [
            0.7002457002457002,
            0.7776412776412777,
            0.8034398034398035,
            0.6511056511056511,
            0.7358722358722358
        ],
        "35": [
            0.8132678132678133,
            0.644963144963145,
            0.7371007371007371,
            0.7444717444717445,
            0.6646191646191646
        ],
        "40": [
            0.7002457002457002,
            0.7199017199017199,
            0.5393120393120393,
            0.6744471744471745,
            0.7235872235872236
        ],