{
    "GMM": {
        "0": [
            0.9348894348894349,
            0.9348894348894349,
            0.9348894348894349,
            0.9361179361179361,
            0.9361179361179361
        ],
        "5": [
            0.9115479115479116,
            0.9398034398034398,
            0.9361179361179361,
            0.9398034398034398,
            0.9447174447174447
        ],
        "10": [
            0.9385749385749386,
            0.9385749385749386,
            0.9078624078624079,
            0.918918918918919,
            0.9312039312039312
        ],
        "15": [
            0.9250614250614251,
            0.898034398034398,
            0.902948402948403,
            0.9434889434889435,
            0.9348894348894349
        ],
        "20": [
            0.9250614250614251,
            0.9176904176904177,
            0.9275184275184275,
            0.9324324324324325,
            0.9299754299754299
        ],
        "25": [
            0.9176904176904177,
            0.9262899262899262,
            0.9213759213759214,
            0.9275184275184275,
            0.9201474201474201
        ],
        "30": [
            0.9287469287469288,
            0.9115479115479116,
            0.9262899262899262,
            0.9115479115479116,
            0.9115479115479116
        ],
        "35": [
            0.7972972972972973,
            0.9041769041769042,
            0.8771498771498771,
            0.8808353808353808,
            0.9103194103194103
        ],
        "40": [
            0.8832923832923832,
            0.9299754299754299,
            0.9238329238329238,
            0.8759213759213759,
            0.8673218673218673
        ],
        "45": [
            0.8685503685503686,
            0.8402948402948403,
            0.8513513513513513,
            0.8820638820638821,
            0.9103194103194103
        ],
        "50": [
            0.855036855036855,
            0.6670761670761671,
            0.7825552825552825,
            0.8304668304668305,
            0.8513513513513513
        ]
    },
    "GWL": {
        "0": [
            0.9373464373464373,
            0.9373464373464373,
            0.9361179361179361,
            0.9373464373464373,
            0.9373464373464373
        ],
        "5": [
            0.9398034398034398,
            0.9348894348894349,
            0.9373464373464373,
            0.9324324324324325,
            0.941031941031941
        ],
        "10": [
            0.9336609336609336,
            0.9385749385749386,
            0.9434889434889435,
            0.9373464373464373,
            0.9250614250614251
        ],
        "15": [
            0.9275184275184275,
            0.9176904176904177,
            0.9447174447174447,
            0.9484029484029484,
            0.9373464373464373
        ],
        "20": [
            0.9299754299754299,
            0.9287469287469288,
            0.9312039312039312,
            0.9336609336609336,
            0.9361179361179361
        ],
        "25": [
            0.9336609336609336,
            0.9287469287469288,
            0.9324324324324325,
            0.9250614250614251,
            0.9262899262899262
        ],
        "30": [
            0.9176904176904177,
            0.9238329238329238,
            0.9385749385749386,
            0.9250614250614251,
            0.9176904176904177
        ],
        "35": [
            0.914004914004914,
            0.9312039312039312,
            0.9275184275184275,
            0.9090909090909091,
            0.918918918918919
        ],
        "40": [
            0.9152334152334153,
            0.9238329238329238,
            0.941031941031941,
            0.8943488943488943,
            0.9164619164619164
        ],
        "45": [
            0.9115479115479116,
            0.8108108108108109,
            0.8857493857493858,
            0.8918918918918919,
            0.9201474201474201
        ],
        "50": [
            0.8894348894348895,
            0.8513513513513513,
            0.7457002457002457,
            0.8648648648648649,
            0.8808353808353808
        ]
    },
    "RFP": {
        "0": [
            0.9336609336609336,
            0.9336609336609336,
            0.9336609336609336,
            0.9336609336609336,
            0.9336609336609336
        ],
        "5": [
            0.9176904176904177,
            0.9312039312039312,
            0.9262899262899262,
            0.9312039312039312,
            0.9373464373464373
        ],
        "10": [
            0.9287469287469288,
            0.9324324324324325,
            0.9299754299754299,
            0.9275184275184275,
            0.9238329238329238
        ],
        "15": [
            0.9176904176904177,
            0.8906633906633906,
            0.9336609336609336,
            0.9373464373464373,
            0.9250614250614251
        ],
        "20": [
            0.9152334152334153,
            0.9164619164619164,
            0.9115479115479116,
            0.9213759213759214,
            0.9127764127764127
        ],
        "25": [
            0.918918918918919,
            0.9238329238329238,
            0.9262899262899262,
            0.9103194103194103,
            0.902948402948403
        ],
        "30": [
            0.8992628992628993,
            0.9103194103194103,
            0.918918918918919,
            0.9127764127764127,
            0.9017199017199017
        ],
        "35": [
            0.8402948402948403,
            0.8918918918918919,
            0.9226044226044227,
            0.9054054054054054,
            0.9152334152334153
        ],
        "40": [
            0.8857493857493858,
            0.8968058968058968,
            0.9127764127764127,
            0.8845208845208845,
            0.8918918918918919
        ],
        "45": [
            0.8525798525798526,
            0.8427518427518428,
            0.8218673218673219,
            0.8931203931203932,
            0.9238329238329238
        ],
        "50": [
            0.8378378378378378,
            0.7235872235872236,
            0.8415233415233415,
            0.7530712530712531,
            0.8697788697788698
        ]
    },
    "RFI": {
        "0": [
            0.8783783783783784,
            0.8857493857493858,
            0.8796068796068796,
            0.8832923832923832,
            0.8820638820638821
        ],
        "5": [
            0.8931203931203932,
            0.8845208845208845,
            0.8796068796068796,
            0.8501228501228502,
            0.8906633906633906
        ],
        "10": [
            0.8734643734643734,
            0.8759213759213759,
            0.8636363636363636,
            0.8562653562653563,
            0.8869778869778869
        ],
        "15": [
            0.871007371007371,
            0.8660933660933661,
            0.8955773955773956,
            0.8783783783783784,
            0.8796068796068796
        ],
        "20": [
            0.8329238329238329,
            0.8402948402948403,
            0.8230958230958231,
            0.8390663390663391,
            0.8194103194103194
        ],
        "25": [
            0.8316953316953317,
            0.8501228501228502,
            0.8366093366093366,
            0.7923832923832924,
            0.8071253071253072
        ],
        "30": [
            0.7542997542997543,
            0.6621621621621622,
            0.8108108108108109,
            0.7653562653562653,
            0.7641277641277642
        ],
        "35": [
            0.6498771498771498,
            0.6375921375921376,
            0.687960687960688,
            0.730958230958231,
            0.6732186732186732
        ],
        "40": [
            0.5761670761670762,
            0.7493857493857494,
            0.7297297297297297,
            0.7628992628992629,
            0.6240786240786241
        ],